[{"tags":[7,"consectetur"],"address":{"zip":42272,"state":"Washington","city":"Linganore","street":"394 Nova Court"},"phone":"+1 (856) 490-2330","email":"finley.ruiz@enersave.info","company":"ENERSAVE","age":33,"picture":"http://placebear.com/187/187","_id":"fruiz","name":{"last":"Ruiz","first":"Finley"}},{"tags":[7,"consectetur"],"address":{"zip":47608,"state":"Delaware","city":"Conestoga","street":"446 Cortelyou Road"},"phone":"+1 (864) 592-2641","email":"mitzi.kinney@zeam.net","company":"ZEAM","age":36,"picture":"http://placebear.com/149/250","_id":"mkinney","name":{"last":"Kinney","first":"Mitzi"}},{"tags":[7,"consectetur"],"address":{"zip":26182,"state":"Indiana","city":"Carrizo","street":"731 Brooklyn Road"},"phone":"+1 (984) 587-2537","email":"sallie.mann@namegen.ca","company":"NAMEGEN","age":20,"picture":"http://placebear.com/184/249","_id":"smann","name":{"last":"Mann","first":"Sallie"}},{"tags":[7,"consectetur"],"address":{"zip":13964,"state":"Georgia","city":"Cassel","street":"662 Bristol Street"},"phone":"+1 (822) 581-2476","email":"mckay.hatfield@idego.me","company":"IDEGO","age":29,"picture":"http://placebear.com/138/189","_id":"mhatfield","name":{"last":"Hatfield","first":"Mckay"}},{"tags":[7,"consectetur"],"address":{"zip":83300,"state":"Mississippi","city":"Newry","street":"945 Noble Street"},"phone":"+1 (956) 598-2570","email":"delacruz.avila@anixang.org","company":"ANIXANG","age":23,"picture":"http://placebear.com/152/236","_id":"davila","name":{"last":"Avila","first":"Delacruz"}},{"tags":[7,"consectetur"],"address":{"zip":59368,"state":"South Dakota","city":"Gulf","street":"825 Sapphire Street"},"phone":"+1 (810) 511-2092","email":"vonda.tran@corpulse.io","company":"CORPULSE","age":26,"picture":"http://placebear.com/137/213","_id":"vtran","name":{"last":"Tran","first":"Vonda"}},{"tags":[7,"consectetur"],"address":{"zip":14422,"state":"Oklahoma","city":"Breinigsville","street":"522 Court Square"},"phone":"+1 (939) 402-3205","email":"chandler.christensen@xth.co.uk","company":"XTH","age":24,"picture":"http://placebear.com/156/197","_id":"cchristensen","name":{"last":"Christensen","first":"Chandler"}},{"tags":[7,"consectetur"],"address":{"zip":22182,"state":"New Mexico","city":"Wyoming","street":"524 Gunnison Court"},"phone":"+1 (919) 508-2916","email":"turner.cameron@shadease.tv","company":"SHADEASE","age":31,"picture":"http://placebear.com/160/210","_id":"tcameron","name":{"last":"Cameron","first":"Turner"}},{"tags":[7,"consectetur"],"address":{"zip":66668,"state":"Iowa","city":"Duryea","street":"976 Beadel Street"},"phone":"+1 (989) 510-2305","email":"underwood.owens@entropix.us","company":"ENTROPIX","age":33,"picture":"http://placebear.com/152/217","_id":"uowens","name":{"last":"Owens","first":"Underwood"}},{"tags":[7,"consectetur"],"address":{"zip":53900,"state":"District Of Columbia","city":"Bison","street":"863 Fillmore Place"},"phone":"+1 (816) 519-2068","email":"rios.sears@telpod.biz","company":"TELPOD","age":30,"picture":"http://placebear.com/200/201","_id":"rsears","name":{"last":"Sears","first":"Rios"}},{"tags":[7,"consectetur"],"address":{"zip":37214,"state":"Connecticut","city":"Omar","street":"304 Fay Court"},"phone":"+1 (847) 505-2431","email":"rojas.combs@maroptic.biz","company":"MAROPTIC","age":31,"picture":"http://placebear.com/173/244","_id":"rcombs","name":{"last":"Combs","first":"Rojas"}},{"tags":[7,"consectetur"],"address":{"zip":34154,"state":"New Jersey","city":"Dale","street":"441 Judge Street"},"phone":"+1 (857) 571-3040","email":"ester.morgan@zolarity.name","company":"ZOLARITY","age":38,"picture":"http://placebear.com/160/230","_id":"emorgan","name":{"last":"Morgan","first":"Ester"}},{"tags":[7,"consectetur"],"address":{"zip":13228,"state":"West Virginia","city":"Trinway","street":"250 Dinsmore Place"},"phone":"+1 (907) 487-2234","email":"maribel.prince@tripsch.info","company":"TRIPSCH","age":31,"picture":"http://placebear.com/185/195","_id":"mprince","name":{"last":"Prince","first":"Maribel"}},{"tags":[7,"consectetur"],"address":{"zip":24366,"state":"Hawaii","city":"Moscow","street":"350 Homecrest Court"},"phone":"+1 (859) 548-3945","email":"concetta.higgins@mitroc.net","company":"MITROC","age":32,"picture":"http://placebear.com/164/217","_id":"chiggins","name":{"last":"Higgins","first":"Concetta"}},{"tags":[7,"consectetur"],"address":{"zip":26951,"state":"Puerto Rico","city":"Kent","street":"958 Granite Street"},"phone":"+1 (811) 591-3229","email":"delia.hunter@fortean.ca","company":"FORTEAN","age":27,"picture":"http://placebear.com/178/228","_id":"dhunter","name":{"last":"Hunter","first":"Delia"}},{"tags":[7,"consectetur"],"address":{"zip":91136,"state":"Illinois","city":"Kraemer","street":"225 Bushwick Court"},"phone":"+1 (965) 588-3336","email":"marlene.wilkinson@halap.me","company":"HALAP","age":38,"picture":"http://placebear.com/187/209","_id":"mwilkinson","name":{"last":"Wilkinson","first":"Marlene"}},{"tags":[7,"consectetur"],"address":{"zip":29582,"state":"Utah","city":"Edinburg","street":"563 Bartlett Place"},"phone":"+1 (994) 428-2015","email":"marsha.dillon@codax.org","company":"CODAX","age":20,"picture":"http://placebear.com/195/222","_id":"mdillon","name":{"last":"Dillon","first":"Marsha"}},{"tags":[7,"consectetur"],"address":{"zip":18460,"state":"New York","city":"Cornucopia","street":"351 Irvington Place"},"phone":"+1 (860) 416-3012","email":"amparo.cooke@permadyne.io","company":"PERMADYNE","age":24,"picture":"http://placebear.com/184/193","_id":"acooke","name":{"last":"Cooke","first":"Amparo"}},{"tags":[7,"consectetur"],"address":{"zip":56073,"state":"Missouri","city":"Guilford","street":"581 Canton Court"},"phone":"+1 (866) 578-3557","email":"stacey.oneal@netur.co.uk","company":"NETUR","age":27,"picture":"http://placebear.com/133/205","_id":"soneal","name":{"last":"Oneal","first":"Stacey"}},{"tags":[7,"consectetur"],"address":{"zip":49686,"state":"Marshall Islands","city":"Catharine","street":"432 Hart Place"},"phone":"+1 (875) 582-3295","email":"sharron.brennan@supremia.tv","company":"SUPREMIA","age":20,"picture":"http://placebear.com/154/209","_id":"sbrennan","name":{"last":"Brennan","first":"Sharron"}},{"tags":[7,"consectetur"],"address":{"zip":81298,"state":"Federated States Of Micronesia","city":"Columbus","street":"765 Keen Court"},"phone":"+1 (813) 420-2694","email":"christian.grimes@bezal.us","company":"BEZAL","age":23,"picture":"http://placebear.com/193/201","_id":"cgrimes","name":{"last":"Grimes","first":"Christian"}},{"tags":[7,"consectetur"],"address":{"zip":68785,"state":"Arkansas","city":"Warsaw","street":"124 Dooley Street"},"phone":"+1 (871) 496-2198","email":"johnnie.cardenas@ontality.biz","company":"ONTALITY","age":38,"picture":"http://placebear.com/172/208","_id":"jcardenas","name":{"last":"Cardenas","first":"Johnnie"}},{"tags":[7,"consectetur"],"address":{"zip":54344,"state":"Maryland","city":"Cedarville","street":"473 Utica Avenue"},"phone":"+1 (946) 593-2302","email":"henson.ware@zolarex.biz","company":"ZOLAREX","age":32,"picture":"http://placebear.com/131/247","_id":"hware","name":{"last":"Ware","first":"Henson"}},{"tags":[7,"consectetur"],"address":{"zip":13348,"state":"North Dakota","city":"Ellerslie","street":"393 Rock Street"},"phone":"+1 (817) 496-2776","email":"gilmore.alvarado@veraq.name","company":"VERAQ","age":27,"picture":"http://placebear.com/134/248","_id":"galvarado","name":{"last":"Alvarado","first":"Gilmore"}},{"tags":[7,"consectetur"],"address":{"zip":51906,"state":"Colorado","city":"Stevens","street":"739 Scholes Street"},"phone":"+1 (801) 569-3285","email":"salazar.craig@zilencio.info","company":"ZILENCIO","age":28,"picture":"http://placebear.com/179/182","_id":"scraig","name":{"last":"Craig","first":"Salazar"}}]